postcode,id,title,address,price,agent,agent_address,agent_phone,features,description
AB10,8709588,2 bedroom apartment for sale,"Plot 223, Block 8 Apartments at Riverside Quarter, Mugiemoss Road, Aberdeen, ABERDEEN AB21","£170,995 ",Barratt Homes - Riverside Quarter,"Mugiemoss Road, Aberdeen, ABERDEEN, AB21 9PA", 020 8022 3842,"['Help to Buy or First Home Fund available for first-time buyers', 'Free flooring, £5,000 John Lewis furniture pack & upgraded kitchen, wardrobes & plumbing', 'No LBTT to pay!', 'First floor', 'Parking space', 'Open plan', '2 double bedrooms', 'Shower room with window', 'Utility']","['RESERVEWITHJUSTA5%DEPOSITWITHTHEFIRSTHOMEFUND!WEHAVEAFANTASTICRANGEOFOFFERSTOHELPYOUMOVE.BOOKANAPPOINTMENTTOFINDOUTMORE.','IdeallylocatedclosetoDyceandBridgeofDon,this2bedroomfirstfloorapartmenthaseverythingyouneedforcityliving.Youwillfindanopen-plankitchen/dining/livingroom,twodoublebedrooms,ashowerroomwithwindowandhandyutilityspace.','DoyouworkfortheNHSorArmedForces?Clickonthelinkstofindouthowyoucouldmakethemovewithournew5%depositschemes.Termsandconditionsapply.','*Floorplanismirrorimage-speaktoourSalesAdviserformoreinformation.']"
AB10,9084392,4 bedroom bungalow for sale,"Campsie Place, Aberdeen","£250,000 ",Town & Country Online - St. Albans,"Arquen House, 4-6 Spicer Street, St. Albans, AL3 4PQ", 01692 515926,['Tenure: Freehold'],"['Fulldescription','Thisspaciousfamilyhomehasseenpersonalisedandcreativealterationsmadetoitovertheyears.Thepropertyhastwolevels,themainlivingareasand2bedroomsonthegroundfloor,theupperfloorconsistingoftwodoublebedroomsandastoragearea.','Thegroundfloorconsistsofalarge,openplan,diningroom/kitchen/loungewhichleadsouttothe(southfacing)backgarden.Theisalso2largebedrooms,astudy/bedroomanda""JackandJill""bathroom.','Theupperfloorhasbedroomsatoppositeendsofthehallwithaentrancetoathirdroomwhichiscurrentlybeingusedasastoragespace.Thestoragespacedoescoverthefulllengthofthehallsothereisscopetoconvertthisareaifdesired.','Thepropertyhasadriveateithersideofthefrontgardenwithadoublelengthgarageattachedtotheproperty,thebackgardenhasaconsiderableamountofdeckingcoveringitwithalowerlevelofgrassedarea.','Thelotissituatedinanideallocation,nearlocalamenitiessuchasshops,transportlinksandashortdrivefromthetowncentre.Thereisgoodaccesstothelocalhospitalaswellasanumberofdifferentofficesandcounciloffices.ThehouseisinthecatchmentareaforsoughtafterHazelHeadAcademy.','Formoreinformation,tobidortoviewthelegalpackpleasevisitourwebsitetownandcountrypropertyauctions']"
AB10,9150603,2 bedroom flat for sale,"Glenbervie Road, Torry, Aberdeen, AB11 9JP","£78,000 ",Northwood - Aberdeen,"207 - 211 Rosemount Place, Aberdeen, AB25 2XS", 01224 088852,"['Tenure: Freehold', 'Ground Floor Situate', 'Bright and Spacious Apartment', 'Two Double Bedrooms with built-in storage', 'Mains Powered Shower over Bath', 'Shared Front and Rear Gardens', 'Modern Bathroom']","['','Northwoodisdelightedtoofferforsale,thisbrightandspaciousgroundfloortwodoublebedroompropertyintheTorryareaofAberdeen.','Thisrecentlyrefurbishedbrightandspaciousaccommodationissituatedonthegroundfloorofablockofsixflats.Itcomprises;Entrancehall,frontfacingmasterbedroomwithbuilt-instorage,rearfacingsecondbedroomwithbuilt-instorage,brightandmodernbathroomwithmainsshoweroverbath,generouslyproportionedloungewithspaceforadiningtableandmodernkitchenleadingfromthelounge.\xa0','Thepropertyalsobenefitsfromgascentralheating,secureentrysystemandcommunalfrontandreargardens;whicharemaintainedbyAberdeenCityCouncil.Thereisalsofreeon-streetparkingavailable.',""SituatedinhistoricTorry,thepropertyisideallylocatedjust10minutes'walkfromtheCityCentreanditsvastamenitiesincludingeasyaccesstoUnionSquareshoppingcentre,AberdeenharbourandAberdeenbeachesplanade.ItalsohasexcellentlinkstopublictransportwiththetrainandbusstationsincloseproximitymakingAberdeenandthesurroundingareasextremelyaccessible."",'Note;AllLighting,floorandwallcoveringsareincludedinthesale.Furnitureisnegotiable.','Viewingsarehighlyrecommendedtoappreciatethespacethisaccommodationhastooffer.Viewingsbyappointmentonly,pleasecontactNorthwoodtoarrangeaviewing.\xa0','EPCrating:C.','Rooms','FrontGarden-SlabbedPathwayandStairsleadingtotheFrontDoor,SecureEntrySystem,LargeGrassAreaenclosedwithafenceandvariouslargeshrubsandsmalltrees.','RearGarden-LargeCommunalGrassareawithstairsleadinguptoit,washinglines.','EntranceHall-Darkwoodenfrontdoor,whitewallsandskirting,beigecarpet,4clotheshooksbydoor,whiteboxcontainingmetersabovedoorframe,secureentryphone,whitemainsradiator,smokealarmand3downlightsontrackfitting.','MasterBedroom-Whitedoor,brownandfloralwallpaperedwalls,beigecarpet,doublewindowfacingstreetwithnetcurtainandcurtainrail.Pendantlightfitting,whitemainsradiator,Whiteskirtingboards.ShallowShelvedCupboardwith4shelvesandwhitepainteddoor;0.3mx0.7m.','Bedroom2-Whitedoor,tealpaintedwalls,beigecarpet,largewindowfacingrearwithwindowshelf,netcurtainandcurtainrail,pendantlightfitting,whitemainsradiator.Builtinstoragecupboardwithwhitedoor;0.2mx0.6m.','Bathroom-Whitedoor,whiteaquapanelledwalls,whitewoodeneffectflooring,1xspotlight,whitemainsradiator,frostedglasswindowfacingrearwithshelf.Modern3piecesuite,whiteWC,Sinkandpedestalandbathwithmainspoweredshowerandglassshowerscreen.','Lounge-Whitedoor,softgreywalls,whiteskirting,doublewindowfacingstreetwithshelf,netcurtainandcurtainrail.4xdownlightsontrackfitting,whiteradiator,brownstripedcarpetandheatingthermostat.','Kitchen-Whitedoor,enterfromLounge.Neutralwallpaperwithgreytiledsectionandsplashback.Greylinoleumflooring,greyworktop.Lightwoodencupboardsandawhitemainsradiator.Zanussihobandoven,Hooverwasherdryer,FrigidaireFridgeFreezer.Smallerwindowwithextractorfan,largerwindowfacingrearwithnetcurtain,5downlightsontrackfitting.']"
AB10,8541080,2 bedroom terraced house for sale,"Tollohill Place, Kincorth, Aberdeen, AB12 5EB","£138,000 ",Northwood - Aberdeen,"207 - 211 Rosemount Place, Aberdeen, AB25 2XS", 01224 088852,"['Modern Kitchen and Bathroom', 'Enclosed Garden', 'Popular Location', 'Gas Central Heating', 'On Street Parking', 'Two bedroom Terraced House']","['','ThispropertyissetinKincorthinAberdeenandisashortdistancefromKirkhillprimaryschool,KincorthCommunityCentreandTullosindustrialestate.AlsoclosebytoRiverDeeandthepopularDuthieParkandWinterGardens.ThelocationalsoprovideseasyaccesstotheAWPR.','This2bedroomedpropertyisseton2floorswiththegroundfloorcomprisingofalarge,bright,spaciousfrontandrearfacingloungewithlargewoodensurroundwindows,lightwoodenflooringandneutraltonesthroughout.Themodernattractivelydesignedkitchenisbrightandspaciouswithabreakfastbarwithwoodenworktopsthroughoutwithneutraltones.Thefirstfloorhastwolargebrightgeneroussizedbedroomswithlargewindowsanddarkwoodensurrounds,tastefullydecoratedwithneutraltonesthroughout,masterbedroomhasawalltowallthreedooredslidingwardrobewithmirroredpanel.Thefamilybathroomhasawhitesuitewithnewlyfittedshowerovercornerbathandglassdoor,tiledsurroundsandtiledflooring.Frontandreargarden.','Allfloorcoverings,windowdressings,lightfittings,whitegoodsandintegratedapplianceswillbeincludedinthesaleofthisproperty.','Viewings-Byappointmentonly,pleasecontactNorthwoodtoarrangeaviewing.','EPCrating:D.','Rooms','EntranceHallway-AttractiveentrancehallwaywithwhitePVC2glasspanelledmainfrontdoorwithchromefinishing,withsoftcolourwallcovering,whitepaintedskirtings,whitepaintedceilingandwhitepainteddoorframestolivingareaandkitchen.Glasschromeeffectpendantlightfitting,metreboxwithwhitepaintedslatteddoublecupboarddoor,lightwoodenflooring,doorbellsounder,firealarmandScantronicalarmsystem..','Lounge-Attractivebrightspaciousloungewithneutraltonewallcoveringsandfeaturewallinmiddleoftheroom,whitepaintedskirtings,whitepaintedceilinganddoorframe.ThefrontfacingwindowisalargewhitePVCwindowwithdarkwoodensurroundandlargewindowsillareawithdarkwoodenvenetianblindswindowdressing.RearfacingwindowisawhitePVCwindowwithdarkwoodensurroundandwindowsillwithdarkwoodenvenetianblindwindowdressing,eightglasspanelledwoodenframeddoorwithwhitepaintedframe,twoxthreebulbbrushedchromelightfittings,lightwoodenflooring,twowhiteheaters.','Kitchen-Modern,attractive,brightandspaciouskitchenwithmodernwhiteandburgundyglosskitchenunitswithchromehandles,fittedoven,halogenelectrichobandextractorhood,clearsplashback,darkandlightwoodenworktop,roundsinkwithdrainer,Bekofridgefreezer,Boshhwashingmachine,Bekotumbledryer,breakfastbarhasdarkandlightwoodenworktop,chromelegswithtwoxwhitewoodenpaintedbarstools.whiteglosskitchenunitsabove.Whitepaintedwallscoverings,whitepaintedskirtingsandceiling,whitepainteddoorframe.15glasspanelwoodframeddoorleadingfromhallway,whitePVChalfglasspanelbackdoorwithalarm,whitePVCwhitewindowwithwhitepaintedwoodenframe,darkwoodenvenetianwindowdressing,sevenchromefittedspotlightsonceiling,onexwhiteheater,darkwoodfloorcoverings.','Stairwell-Leadingoffthehallwaywithbiegecarpet,whitepaintedceilingandskirtings,whitewoodenbannister,whitePVCwindowtothemiddleofthestairwell,fulllengthmirrorand4hookwoodencoathook,whiteheater','MasterBedroom-BrightspaciousfrontfacingroomhaslargePVCwhitewindowwithdarkwoodensurroundandlargewoodensill,darkwoodvenetianblindwindowdressing,walltowallthreedoorslidingwardrobewithonemirroreddoorandtwowhitedoors,whitepaintedwallcoverings,ceilingandskirtings,whitepainteddoorframe,wardrobewithshelvingandstorageandboiler,biegecarpet,sixpanelleddarkwoodendoorwithgoldfittings,whitependantlightfitting.','BedroomTwo-Bright,spaciousbedroomatrearwithlargePVCwhitewindowwithdarkwoodsurroundandsill,greyrollerblindwindowdressing,whitepaintedwallcoveringswithafeaturewallwithgreenandwhitefloralpattern,whiteceiling,skirtingsanddoorframe,sixwoodenpanelleddarkwoodendoor,fittedwardrobewithshelvingandstorage,beigecarpet,whitependantlightfitting.','Bathroom-Large,brightfamilybathroomwithwhitesinkandWC,whitecornerbathwithnewelectricshoweroverbathandglassshowerscreen,beigemarbleeffecttilingaroundbathandbeigemarbleeffecttilingonfloorcovering,whitePVCfrostedglasswindow,chrometowelrail,softtonedcolouredwallcovering,whitewoodenpaintedpanellingonceiling,whitepaintedskirtings,threebulbchromespotlightfitting,6panelledwoodendoorwithwhitepaintedonbathroomside.','Landing-Landinghassofttonedpaintedwallcovering,whitepaintedceiling,whitepaintedskirtings,whitepainteddoorframes,glasschromelightfitting,smokealarm.Lofthatchinceiling,thisloftisfullyfloored.','FrontandRearGarden-Frontgarden,grassedwithhedgedsurround,cementslabbedpathwayleadingtohouseandsharedbackgardenaccesswithtwostepsandarailing.Reargarden,grassareawithaslabbedpatioareatobackdoorofpropertysharedaccessthroughsideofthehouse,withawoodenshedforstorage']"
AB10,7354105,3 bedroom end of terrace house for sale,"32 Thorngrove Avenue, Aberdeen, AB15","£220,000 ",Savills - Aberdeen,"5 Queen's Terrace, Aberdeen, AB10 1XL", 01224 939800,"['Tenure: Freehold', 'Three bedroom end terraced property', 'Two well proportioned public rooms respectively overlooking the front and rear gardens', 'Popular city location within easy reach of a wide range of amenities, schooling and leisure pursuits', 'Generously proportioned and well established rear garden with paved patio and side access', 'Off street parking to the front of the property', 'A superb home for a young family, professional couple or those looking to downsize within the city environs', 'EPC Rating = D']","['Charmingthreebedroomendterracedgranitebuilthome,locatedwithinapopularresidentialareawithexcellenttransportlinkstothecityandbeyond.','Location',""32ThorngroveAvenuelieswithinthesoughtafterWestEndareaofAberdeen.Agreatnumberofamenitiesareavailablelocally,mostnotablyatSeafieldandMannofield,whilethereisregularpublictransporttomanypartsofthecity.ProximitytoAndersonDriveallowsexcellentcommutingtothenorthandsouthofthecity,andthereisalsoeasyaccesswestwardstoDeesideandarangeofcountrysidepursuits.ClosebyarethehighlyrespectedprivateschoolsofAlbyn,StMargaret's,RobertGordon'sCollegeandtheInternationalSchoolatPitfodels.AlsonearbyareAiryhallandAshleyRoadPrimarySchools,withsecondaryschoolingatHazelheadAcademyandAberdeenGrammarSchool."",""WithinashortwalkisJohnstonGardenswhichisasmallpublicgardenwhichhaswontheBritaininBloomcompetitionmanytimesthankstoitsbeautifullydesignedbedsandbordersdisplayingawonderfulvarietyofflowers,shrubsandherbaceousplants.JustasclosebyisTheGordonHighlandersMuseum,theonlyVisitScotland5starattractioninAberdeen,whichtellstheextraordinary200yearstoryof'theFinestRegimentintheWorld'.ThepropertyisalsoparticularlyconvenientfortheHillofRubislawofficecomplex."",'AberdeenRoyalInfirmary\xa0\xa02.1miles','AberdeenInternationalAirport6.5miles','PrimeFourBusinessPark\xa0\xa04miles','HillofRubislawBusinessPark\xa0\xa00.9miles*','*Pleasenotethatalldistancesareapproximate','Description','SituatedwithinanattractivetreelinedstreetinthepopularwestendofAberdeencity,32ThorngroveAvenueisacharminggranitebuiltendterracedproperty.Providingwellproportionedlivingaccommodationacrossthreefloors,thepropertyoffersthepurchasertheopportunitytoputtheirowndecorativestampontheirnewhome.Boastinganextensivereargardenwhichissuitableforthewholefamilytoenjoy,thereisalsooffstreetparkingtothefrontoftheproperty.','Thepanelledentrancedoorleadsintothelightandairyreceptionhall.Acarpetedstaircaseleadstothelivingaccommodationonthemezzanineandfirstfloors,whileanunderstaircupboardincludesarangeofshelving.Incloseproximitytotheentrancedoorisashelvedcupboardunit,withthelowersectionhousingtheelectricityconsumerunit.','Overlookingthepropertyfrontageviaalargedeepsilledwindow,thedelightfuldiningroomisofneutraldecorwithwoodflooring,whiledecorativeplasterworkadornstheupperwallsalongwithwoodenpicturerailings.Anidealroomforformaldiningandentertainment,toeithersideoftheformerfireplacearealcoveswithwalllighting,whilethewoodenmantelremainsinsitu.','Thefullycarpetedsittingroomenjoysviewsoverthereargardenviaslidingglazeddoorswhichalsoallowfornaturallight.Agenerouslyproportionedroomoftraditionaldecor,thereisagasfirewithmahoganymantelandpolishedgraniteinsetandhearth.Toeithersideofthefireplacetherearehalfshelvedarchedalcoves.','Thekitchenfeaturesagoodrangeofbaseandwallunits,whilelaminateworksurfacesborderedbysplashbacktilingincorporatea1.5stainlesssteelsinkwithdrainer.Withinthekitchenthereisafreestandingoven/grillwithfourringelectrichobandextractorfanabove.Adeepsilledtiledwindowandopendoorwayleadintotheutilityroomwhichoverlooksthereargardenviadeepsilledwindowsandaglazeddoor.Fittedwithbaseunits,aworksurfaceincorporatesastainlesssteelsinkwithdrainer.','Ascendingthecarpetedstaircase,adeepsilledwindowoverlooksthesideofthepropertyandprovidesgooddisplayspaceandnaturallight.Fromthemezzaninelandingthereisaccesstothefamilybathroom,whichincludesacolouredthreepiecesuitewithmainsshoweroverthebath.','Onthefirstfloor,doublebedroomoneenjoyselevatedviewsoverthereargardenviaadeepsilleddoublewindow.Fullycarpeted,bedroomoneisfittedwitharangeofwalltowallwardrobeswhichprovidebothshelfandhangingspace,whilealsohousingthehotwatercylinder.Aceilinghatchallowsaccesstotheatticabove.','Doublebedroomtwoisfullycarpetedandofneutraldecor,whileadeepsilledwindowoverlookingthepropertyfrontageallowsfornaturallight.Bedroomthreewouldperhapsalsobesuitableasanurseryorhomeoffice.Ofneutraldecorandcarpeting,adeepsilledwindowprovidesviewsoverThorngroveAvenue,whilethereisalsoaccesstoausefulcupboardwithdeepfittedshelving.','Outside,thepropertyfrontageismostlylaidwithlocblocpavingwhichprovidesoffstreetparkingspace.Linedwithdecorativeborders,agravelledpathwayleadsdownthesideofthepropertywherethereargardenisaccessibleviaagatedentrance.Borderedbyfencing,thegenerouslyproportionedreargardenprovidesversatileoutdoorspacethewholefamilycanenjoy.Laidtolawnwithmaturebordersandhedging,apavedpathwayleadstothebottomofthegardenwhereatimberstorageshedislocated.Apavedpatioarealiesincloseproximitytotherearoftheproperty,andistheperfectlocationfor""alfresco""dining.','SquareFootage:1102sqft','Directions','FromthecentreofAberdeen,followQueensRoadtotheroundaboutwithAndersonDrive,takingthefirstleft.Atthenextroundabout,takethethirdexit,andshortlythereaftertakethefirstroadontheleftintoThorngroveavenue.Continuedownthisroad,andnumber32islocatedashortdistanceaheadonthelefthandside.']"
AB10,9159343,3 bedroom terraced house for sale,"Birch Road, Aberdeen","£156,500 ","MQ Estate Agents, Glasgow - Glasgow","148 West Regent Street, Glasgow, Glasgow, G2 2RQ", 0141 376 2420,[],"['','Summary','','','PartExchangeAvailable','MQEstateAgentsareproudtopresenttothemarketthisThree-bedroomMid-TerraceHouselocatedinahighlysought-afterresidentialarea.\xa0','Lounge','','4.3mx3.6m','Abrightandspaciousroomwithlargefrontandsidefacingwindowsoverlookingthecosyfrontgarden.\xa0','Dining','','Kitchen','','5.7mx3.4m','Thisbrightdiningkitchenmakesuseofitsspacebybeingfittedwitharangeofcontemporarywallandbasemountedunits,sink,fridgeandwashingmachine.\xa0','Family','','Bathroom','','1.9mx1.6m','Thefamilybathroomisfittedwithathree-piecesuitecomprisingofbathwithshower,WCandhandwashbasin.\xa0','Bedroom','','1','','3.7mx2.8m','Quietlysituatedupstairsthisbrightspaciousdoubleroomoffersamplestoragespacehavingfittedwardrobes.\xa0','Bedroom','','2','','3.7mx3.5m','Quietlysituatedupstairsthisbrightspaciousdoubleroomoffersamplestoragespacehavingfittedwardrobes.\xa0','Bedroom','','3','','2.6mx2.5m','Quietlysituatedupstairsthisbrightspacioussingleroomoffersamplespaceadditionalfurniture.\xa0']"
AB10,9159313,2 bedroom flat for sale,"Grandholm Crescent, Aberdeen","£154,000 ",MQ Estate Agents - Glasgow,"148 West Regent Street, Glasgow, Glasgow, G2 2RQ", 0141 376 2420,[],"['','','MQEstateAgentsareproudtopresenttotheopenmarketthisseldomavailabletwo-bedroomtopfloorflatinahighlysought-afterresidentialarea.','PartExchangeAvailable','Thegenerouslyproportionedaccommodationcomprises:openplanloungeandkitchen,twobedroomsandfamilybathroom.Thesubjectsbenefitfromgascentralheating,fulldoubleglazingandallocatedparking.','\xa0','LOUNGE','','22\'5""x9\'10""(6.838mx3.012m)','Abrightspaciousloungewhichhasalargerearfacingwindowoverlookingthefront.\xa0','KITCHEN','','Contemporaryfittedspaciousopenplankitchenareawhichincorporatesarangeofbaseandwallmountedstorageunitswithcomplimentaryworktopsurfacestoincludeastainless-steelsinkunitwithsidedrainer,integrateddishwasher,in-builtceramichob,electricoven,extractorcanopy,fittedwashingmachineandfridgefreezer.\xa0','BEDROOM','','10\'3""x10\'7""(3.137mx3.230m)','Agenerousmasterbedroominimpeccableorderprovidingadoublesizedroomwithbuiltinwardrobesandrearfacingoutlookontoapeacefullocation.\xa0','BEDROOM','','10\'7""x8\'10""(3.227mx2.696m)','Doublesizedbedroomwithbuiltinwardroberearfacingaspectsontoestablishedresidentialpocket.\xa0','BATHROOM','','7\'0""x6\'8""(2.134mx2.046m)','Thefamilybathroomisfittedwithathree-piecesuitecomprisingabathwithshowerabove,WCandhandwashbasin.\xa0','LOCATION','','Quietlylocated,inAberdeenthereisawideandvariedarrayofamenitiesonofferwhichincludesabustlingcollectionofsmallbespokeshopsaswellasasizeablesupermarketforgeneraldaytodayrequirements.Cafés,barsandrestaurantsarealsoafeatureoftheareawithmoresportingandoutdoorpursuitstobefound.RegularbuslinksareavailabletoneighbouringareasandthepropertysitsamomentswalkfromAberdeentrainstation.TheareahasaccesstoanexcellentroadinfrastructureincludingtheA92makingitanidealbaseforthecommuters.\xa0','VIEWINGS','','Viewingishighlyrecommendedinordertoappreciatethequalitywithin.','MQEstateAgentsareopen7daysaweek:MondaytoFriday8amto8:30pm&Saturday&Sunday8.30am-6.30pmtoarrangeyourviewingorvaluationappointment.\xa0']"
AB10,9159269,2 bedroom apartment for sale,"South College Street, Aberdeen","£159,950 ",MQ Estate Agents - Glasgow,"148 West Regent Street, Glasgow, Glasgow, G2 2RQ", 0141 376 2420,[],"['','','MQEstateAgentsaredelightedtopresenttotheopenmarketthisrarelyavailabletwobedroomgroundfloorflat.Thisparticularpropertywillsuitamultitudeofbuyersfromfirsttimebuyers,downsizerstothediscerningbuytoletinvestor.','PartExchangeAvailable.','Thegenerouslyproportionedaccommodationcomprises:lounge,kitchen,twobedroomsandbathroom.Thesubjectsbenefitfromgasheating,fulldoubleglazingandallocatedparkingspace.\xa0','LOUNGE','','15\'11""x10\'6""(4.873mx3.224m)','Aspaciousloungeneutraldécorandlargerearfacingwindowsgiftingtheroomheapsofnaturallight.\xa0','KITCHEN','','11\'1""x8\'10""(3.399mx2.707m)','Thekitchenmakesuseofitsspacebybeingfittedwitharangeofwallandbasemountedunitswithintegratedappliancesthatincludestainlesssteelsink,gashob,electricovenandfittedwashingmachine.\xa0','BEDROOM','','9\'10""x11\'9""(3.021mx3.601m)','Quietlysituatedtothebackoftheproperty,thisgenerouslyproportioneddoublebedroomoffersafittedwardrobeandamplespaceforadditionalbedroomfurniture.\xa0','BEDROOM','','8\'2""x11\'9""(2.494mx3.603m)','Thesecondbedroomisaspaciousdoublewithneutraldécor,fittedwardrobeandwindowoverlookingthefrontoftheproperty.\xa0','BATHROOM','','6\'1""x6\'9""(1.865mx2.077m)','Themodernbathroomisfittedwithathree-piecesuitecomprisingofashowerenclosure,WCandhandwashbasin.\xa0','LOCATION','','Quietlylocated,inAberdeenthereisawideandvariedarrayofamenitiesonofferwhichincludesabustlingcollectionofsmallbespokeshopsaswellasasizeablesupermarketforgeneraldaytodayrequirements.Cafés,barsandrestaurantsarealsoafeatureoftheareawithmoresportingandoutdoorpursuitstobefound.RegularbuslinksareavailabletoneighbouringareasandthepropertysitsamomentswalkfromAberdeentrainstation.TheareahasaccesstoanexcellentroadinfrastructureincludingtheA92makingitanidealbaseforthecommuters.\xa0','VIEWINGS','','Viewingishighlyrecommendedinordertoappreciatethequalitywithin.','MQEstateAgentsareopen7daysaweek:MondaytoFriday8amto8:30pm&Saturday&Sunday8.30am-6.30pmtoarrangeyourviewingorvaluationappointment.\xa0']"
AB10,9159292,3 bedroom flat for sale,"Forest Road, Aberdeen","£229,995 ",MQ Estate Agents - Glasgow,"148 West Regent Street, Glasgow, Glasgow, G2 2RQ", 0141 376 2420,[],"['','Summary','','',""MQEstateAgentsaredelightedtooffertothemarketthisSubstantialGardenFlatthatformspartofaTraditional'C'listedFlatwithinAberdeen'shighlysoughtafterWestEnd.Earlyviewingisrecommendedtoappreciatethisexceptionalpropertywhichisbeenmarketedatanattractiveprice."",'Theaccommodationonoffercomprisesanentrancevestibulewhichprovidesaccesstoawelcomingreceptionhallway.Theloungeistothefrontoftheproperty,thisisanexcellentsizeroomwithspaceforarangeoffurniture.Thediningroomleadsthroughintothekitchenwhichisfittedwitharangeofbothwallandfloormountedunitswithampleco-ordinatingworktopspacewithtiledsplashback.Inadditionthereisanelectriccookerpointwithextractorhoodoveraswellasplumbingforawashingmachine\xa0','Reception','','Hallway','','\xa0','Lounge','','6.6x5.2','Abrightspaciousloungewhichhasalargefrontfacingbaywindowoverlookingthefrontoftheproperty.\xa0','Kitchen','','3.6x2.5','Theimpressivediningkitchenfeaturesarangeoffittedunitswithfittedappliancessuchasanelectrichob,oven,fridgefreezerandwashingmachine.\xa0','Dining','','Room','','4x2.6','Brightspaciousroomwithpatiodoorsleadingtothebackgarden.\xa0','Bedroom','','4.2X2.9','Thisspaciousdoubleroomoffersamplespaceforadditionalbedroomfurniture.\xa0','Bedroom','','2.9x2.9','Thisspaciousdoubleroomoffersamplespaceforadditionalbedroomfurniture.\xa0','Bedroom','','3x2.7','Thisspaciousdoubleroomoffersamplespaceforadditionalbedroomfurniture.\xa0','Shower','','Room','','1.7x1.7','TheShowerroomisfittedwithathree-piecesuitecomprisingofaShowercubicle,WCandhandwashbasin.\xa0']"
AB10,8950663,3 bedroom house for sale,"Plot 25, The Poplar 3 at Grandhome, Laverock Braes Road, Bridge of Don, Aberdeen AB22","£257,500 ",Dandara - Grandhome,"Laverock Braes Road, Bridge of Don, Aberdeen, AB22 9AA", 01224 088362,"['Middleton Park Primary School - 0.7 miles', 'Oldmachar Academy - 0.7 miles', 'Glashieburn School - 1.2 miles', 'Aberdeen University - 2.3 miles', 'St Margarets - 3.9 miles', 'Albyn School - 4.1 miles', 'Robert Gordon’s College - 4.4 miles', 'Robert Gordon University - 6.4 miles']","['OverviewofThePoplar3','ThePoplar3isaspacious3bedroomhomeavailablenowatGrandhome,Aberdeen.','HouseFeatures','*Stylishthreestoreyhome','*Open-planliving-kitchen-dining','*FullyfittedkitchenbytopGermanmanufacturerwithstoneworktops','*Photovoltaicpanelswhichprovidesupplementarylow-carbon-generatedelectricity','*Directaccesstoreargardenfromkitchen','*Mainbedroomwithen-suiteshowerroomanddressingarea','*Additionalstoragespace2ndfloor','*Contemporarybathroomwithheatedtowelrailandbuilt-instorage','*NHBC10yearwarranty','NOWAVAILABLE','PropertyDescription','Thisstylishhomeisidealforyoungfamiliesandfeaturesasuperbopen-planliving-dining-kitchenonthegroundfloor,withaseparateW.C.andpracticalstoragecupboardunderthestairs.','Therearetwodoublebedroomsonthefirstfloor,alongwithacontemporaryfamilybathroom.Themainbedroomoccupiesthewholeofthetopfloorandbenefitsfromadressingareaandanen-suiteshowerroomandstoragespace.','Contactustoarrangeaviewing','WatchtheVideo','from£244,950to£257,500']"
AB10,8958492,2 bedroom detached house for sale,"Gowanbrae, 56 North Deeside Road, Bieldside, Aberdeen, Aberdeenshire, AB15","£430,000 ",Galbraith - Aberdeen,"337 North Deeside Road, Cults, AB15 9SP", 01224 939808,"['Charming Detached House', '2 reception rooms. 2 bedrooms', 'Characterful detached home', 'Superb potential for extending', 'Beautiful garden grounds', 'Around 0.40 of an acre', 'Desirable Bieldside location']","['Gowanbraeisacharming,detachedhomesittinginaround0.40ofanacrewithasoutherlyopenaspectandislocatedinthehighlydesirableareofBieldside,totheWestofAberdeencity.Thehousesitscentralwithinthesiteandcreatesanexceptionalopportunitytofurtherenhanceandextendtheproperty,subjecttothenecessaryconsents.Theaccommodationcomprisesanentrancehallwithstorage,loungewithopenfire,diningroomandadiningkitchenwithdirectaccesstothegarden.Upstairsisthemasterbedroomwithensuitecloakroom,afurtherlargedoublebedroomandcompletingtheaccommodationisthemainfamilybathroom.Mostroomsenjoythefrontsoutherlyaspect,withlargewindowsandafeelingofspaceandlight.Thegardengroundsarematureandsurroundthehousetoboththefrontandrearwithalargedriveway.','Rarelydoessuchanopportunityarisetoacquiresuchacharmingpropertyinsuchageneroussite.Thiscombinedwiththesuperblocation,wewouldrecommendearlyviewing.','ACCOMMODATION','GroundFloor:Entrancehall,lounge,diningroomanddiningkitchen.','FirstFloor:Masterbedroomwithcloakroom,doublebedroomtwoandfamilybathroom.','GARDENGROUNDS','Gowanbraesitsinaround0.40ofanacrewithlargegardensgrounds.Thehouseisboundbyatraditionalstonedykewalltothesouth,whichcontinuestodefinethefrontgrasslawn.Thefrontlawnisflankedbymaturetreesandcolourfulshrubswithapathmeanderingthrough.Totherearapatioarealiesclosesttothehousewithstepsleadinguptothemaingardenarea.','Astonechipdriveleadstoagenerousparkingareaatboththefront&side.','SERVICES,COUNCILTAXANDENERGYPERFORMANCECERTIFICATE(S)','Water-Mains','Electricity-Mains','Drainage-Mains','Heating-Gas','CouncilTax-G','EPC-F','POSTCODE','AB159DR','SITUATION','LocatedinthesoughtaftersuburbofBieldside,tothewestofAberdeen,GowanbraehasahighlydesirablelocationsituatedwithinminuteswalkingdistanceoftheBieldsideamenities.Theseincludeashop,hairdresserandtheeverpopularBieldsideInn.Inadditiontherearearangeoflocalclubsandleisureactivities,withthetreelinedoldDeesideRailwaylineonlyashortwalkawayprovingpopularwithwalkers,cyclistsandjoggersalike.BieldsideisalsowellknownforitsschoolswithprimaryandsecondaryeducationcateredforatCultsPrimarySchool&CultsAcademy,onlyashortwalkaway,andTheInternationalSchoolofAberdeenislocatednearbyatPitfodels.AlsolocatedverycloseistherenownedDeesideGolfClub.ThenewAWPR(AberdeenWesternPeripheralroute)isonly2mileswestinMilltimberprovidingeasyaccesstoboththeNorth&SouthofAberdeen.','Thecitycentrewithitswiderangeofshops,restaurantsandbarsisashort4milesfromBieldsideandprovidesalltheleisure,recreationalandentertainmentfacilitiesexpectedfromtheoilcapitalofEurope.Italsoprovidesgoodtransportlinkswithamainlinerailwaystationandishosttoanairportprovidingbothdomesticandinternationalflights.AberdeenInternationalAirportisonlya15minutedrivefromGowanbraeontheAWPR.','EPCRating=F','']"
AB10,8974612,4 bedroom detached house for sale,"Mugiemoss Drive, Mugiemoss, Aberdeen, AB21 9NW","£269,000 ",Northwood - Aberdeen,"207 - 211 Rosemount Place, Aberdeen, AB25 2XS", 01224 088852,"['Tenure: Freehold', 'Modern Development', 'Spacious Family Home', 'Enclosed Garden with Summerhouse', 'Garage & Driveway', 'Gas Central Heating', 'En-suite']","['','NorthwoodaredelightedtoofferforsalethisbrightandspaciousmoderndetachedfourbedroomfamilyhomeinamodernresidentialdevelopmentinBucksburn.','Thepropertyispresentedinimmaculateorderandreadytomoveintoconditionandviewingishighlyrecommended.\xa0','Thisdetachedfourbedroomhomeprovidesspaciousfamilylivingaccommodationwithagarageanddrivewaytothefrontofthepropertyandafullyenclosedgardentotherearofthepropertywithpatioareaandsummerhouse.','Thegroundfloorcomprises:livingroom,fullyfittedkitchenwithintegrateddishwasher,fridgefreezerandoven,spaciousdiningareawithpatiodoorsleadingtothegarden,separateutilityroomandWC.\xa0Thefirstfloorcomprisesmasterbedroomwithen-suite,threefurtherdoublebedroomsandfamilybathroom.','Thepropertybenefitsfromgascentralheatingthroughout,doubleglazing,includingpatiodoorstothefullyenclosedreargarden.Thepropertyissetinaspaciouscornerplotwithnopropertydirectlyoverlookingthefrontandreargarden.\xa0','Bucksburnhasarangeoflocalamenitiesincludingshops,schools,leisurecentre,swimmingpoolandbowlinggreenandeasyaccesstoDyceshoppingcentrewithavarietyofsupermarketsandshops.ThispropertyisclosetothecitycentrewithestablishedpublictansportlinksandthepropertyprovideseasyaccesstothenewAWPR,airportandTECCAexibitioncentre.\xa0','Note:Thesalewillincludeallflooring,lightfittings,windowcoverings,integratedappliancesandsummerhouselocatedinthegarden.Thewashingmachineandtumbledryerarenotincludedinthesale.\xa0','EPCrating:C.','Rooms','EntranceHall-Frontdoorleadingtoentrancehallwithcreamcarpet,neutralwallcoveringsandaccesstothelivingroomandupstairs','LivingRoom-Viewstothefrontoftheproperty,whitewoodendoor,neutralwallcoverings,creamcarpet,fittedshuttersonwindows,radiator,fixedceilinglight,accesstospaciousunderstaircupboard','Kitchen/DiningArea-Woodenwhitedoor,greylaminateflooring,neutralwallcoverings,radiator,pendantlightfitting,smokealarm,whitehighglosskitchen,integrateddishwasher,fridgefreezer,over,electrichob,patiodoorsandwindowfacingrearofpropertywithfittedshutters','Utilityroom-Woodenwhitedooraccessedfromkitchen,fittedworksurfacewithspaceforwashingmachineandtumbledryer,pendantlightfitting','DownstairsWC-Woodendoor,whitesink,toilet,windowtorearofproperty,pendantlightfitting,laminatefloorcoverings,neutralwallcoverings','MasterBedroom-Woodendoorleadingtospaciousmasterbedroomwithfittedwardrobes,radiator,windowtofrontofpropertywithfittedshuttersonwindows,pendantlightfitting,creamcarpet,neutralwallcoverings','En-suite-Woodendooraccessedfrommasterbedroom,walkinshower,whitesinkandtoilet,pendantlightfitting,greylaminateflooring,radiator','Bedroom2-Woodendoor,fittedwardrobes,radiator,windowtorearofpropertywithfittedshuttersonwindows,pendantlightfitting,creamcarpet,neutralwallcoverings','Bedroom3-Woodendoor,radiator,windowtofrontofpropertywithfittedshuttersonwindows,pendantlightfitting,creamcarpet,neutralwallcoverings','Bedroom4-Woodendoor,radiator,windowtorearofpropertywithfittedshuttersonwindows,pendantlightfitting,creamcarpet,neutralwallcoverings','FamilyBathroom-Modernfamilybathroomwithshoweroverbath,greytiles,greylaminateflooring,windowtorearofproperty,neutralwallcoverings,','Garage&Driveway-Spaceforonecar,electricity,boiler(Potterton,servicedannually)','Garden-Setinacornerplot,spaciousfrontandreargarden;frontgardenwithgrassandshrubsandpathleadingtofrontentranceandaroundthesideofthehouse;Reargardenwithpatioarea,binstoragearea,grass,summerhousesetinthecornerofthegarden;thegardenhasbeenfittedwithdrainage','ExternalAreas-Thereisfactoringwithinthedevelopmentwithamonthlymaintenancefee;furtherinformationcanbeprovidedonrequest']"
AB10,9020040,1 bedroom flat for sale,"Gilcomston Park, Rosemount, Aberdeen, AB25 1PN","£135,000 ",Northwood - Aberdeen,"207 - 211 Rosemount Place, Aberdeen, AB25 2XS", 01224 088852,"['Tenure: Freehold', 'Traditional Granite Property', 'Spacious One Bedroom Apartment', 'Excellent Storage Throughout', 'Period Features', 'City Centre Location', 'Modern Kitchen & Bathroom']","['','NorthwoodaredelightedtoofferforsalethisspaciousonebedroommiddlefloortraditionalgraniteapartmentlocatedintheRosemountareaofAberdeen.','Thispropertyformspartofatraditionalgranitebuildingandwouldbeanidealpropertyforafirsttimebuyer,professionalcoupleorbuytoletinvestment.Thisbrightandspaciousapartmentispresentedtoahighstandardandhasbeenrecentlyrenovated.Viewingishighlyrecommendedtoappreciatewhatthispropertyoffers.','Theaccommodationcomprises:hallwaywithtwolargestoragecupboards,spaciousandbrightloungewithperiodfeaturesandfireplace,doublebedroomfacingtherearofthepropertywithtwostoragecupboards,recentlyrenovatedmodernkitchenwithbreakfastbarandfamilybathroomwithelectricshoweroverbath.','Thispropertyalsobenefitsfromgascentralheating,doubleglazingaswellassomeornateplaster-workfinishesandperiodcharacteristics.Theelectricsandheatingsystemwereupgradedin2019.','OnstreetparkingpermitscanbepurchasedfromAberdeenCityCouncil.','Rosemount,abustlingcommunityintheheartofthecity,hasavarietyoflocalamenitiesandindependentretailshopsandisrenownedforitscommunityfeel.Rosemountprovideseasyaccesstothecitycentreshoppingcentres,cinemaandnightlife,RobertGordonsUniversity,AberdeenUniversity,AberdeenRoyalInfirmary,AberdeenArtGallery,TheatreandAberdeenbeach.TheDenburnthatliesbehindthepropertyhasfuturedevelopmentplansinlinewiththedevelopmentofAberdeencityasavibrantcitycentre,furtherinformationcanbeobtainedfromAberdeenCityCouncil.','Note:Allfloorcoverings,curtains,blinds,lightfittingsandtheintegratedandfreestandingappliancesareincluded.','Viewings-Byappointmentonly,pleasecontactNorthwoodtoarrangeaviewing.','EPCrating:D.','Rooms','EntranceHall-Whitepaintedwoodendoor,creamwallpaperedwalls,browncheckcarpet,whiteskirting,whiteceilingwithtwospotlightsandsmokealarm.Whitemainsradiator.SecondSectionofHallway(2.7mx0.7m)','HallStorage-Storage1withdoublewhitewoodendoorstoenter,ithousesthegasmeterandboiler,hasaslopedroof,paintedwalls,carpetcontinuingandawoodenshelvingcupboard.(2.0mx0.8m)Storage2hasawhitepaintedwoodendoortoenter,wallpaperedwalls,browncarpet,woodenskirting,3shelvesandithousesthewatertank.(1.1mx1.1)','Bathroom-Whitepaintedwoodendoor,creamtileswithdarkermosaictileborder,creampaintedceilingwithfourspotlightsandoneincorporatingextractorfan,darktiledflooring,silvertowelradiator,whitesuitewithMiraelectricshoweroverbath,whitesinkandpedestal,andwhiteW/C.Wallmirrorwithshelf.','Lounge-Whitepaintedwoodendoor,largebaywindowswithgoldcurtainsandwhiteframes.Lightwoodenflooring,goldwallpaperedandpaintedwalls,whiteskirtingceilingandborders.Twoalcoveswithfittedshelves,fourwalllights,smokealarm,whitepicturerailandcornices.Marbledecorativefireplacewithgoldpaintedmantel,goldpaintedmainsradiator.','Bedroom-Whitepaintedwoodendoor,largewindowwithwhiteframeandbeigeandtartancurtains.Creamwallsandcarpet,largependantfitting,whitemainsradiator,whiteskirting.','BedroomStorage-Storage1hasawhitepainteddoor,carpetcontinuing,whitepaintedwallsandskirting.Ithasalargewoodenstorageunitbuiltinwitharail.Pendantlightfitting.(1.7mx1.1m)Storage2isashallowshelvedunit,withwhitepaintedwoodendoor,carpetcontinuing,whitewallsandshelves.(0.2mx0.7m)','Kitchen-Whitepainteddoorwithglasspanels,greenwallpaperedwallswithwhitetiles.Lightwoodenflooringworktopandbreakfastbarandtwostools,whitepaintedceilingwith6spotlights.Creambaseandwallunitswithsilverfittings,stainlesssteelsinkunit,largewindowwithgreenfabricblind.HotpointWashingMachine,BekoFridge/Freezer,LamonaHobandOvenandsilverextractorfan.Whitemainsradiatorunderbreakfastbar.']"
AB10,8987785,2 bedroom flat for sale,"Wallfield Crescent, Rosemount, Aberdeen, AB25 2JX","£107,000 ",Northwood - Aberdeen,"207 - 211 Rosemount Place, Aberdeen, AB25 2XS", 01224 088852,"['Tenure: Freehold', 'First Floor Apartment', 'Popular Rosemount location', 'Two Double Bedrooms', 'Mains Powered Shower', 'Lounge with Decorative Fireplace', 'Shared Garden and Additional Storage']","['','NorthwoodaredelightedtopresentforsalethisspaciousandbrighttwobedroomfirstfloorpropertyinRosemount,apopularcitycentrelocation.','Thispropertyformspartofatraditionalgranitebuildingwithsecurityentrysystemandwouldbeanidealfirsttimebuyerpurchaseorinvestmentproperty.Thispropertyhasbeenrecentlyupgradedandfreshlydecoratedwithneutraltonesandviewingishighlyrecommended.','Thispropertylocatedonthefirstfloorcomprises:Entrancehallway,twobrightandspaciousdoublebedroomsbothwithbuilt-instorage,spaciousloungewithdecorativefireplace,modernfittedkitchenwithhighglossunits,showerroom.Thepropertyalsobenefitsfromastoragecupboardinthemainstairwell,ashedandasharedreargarden.','Thepropertybenefitsfromdoubleglazedwindows,gascentralheatingandlaminateflooringthroughout.','ApermitcanbeobtainedfromAberdeenCityCounciltoparkonthestreet.','Rosemount,abustlingcommunityintheheartofthecity,hasavarietyoflocalamenitiesandindependentretailshopsandisrenownedforitscommunityfeel.Rosemountprovideseasyaccesstothecitycentreshoppingcentres,cinemaandnightlife,RobertGordonsUniversity,AberdeenUniversity,AberdeenRoyalInfirmary,AberdeenArtGallery,TheatreandAberdeenbeach.','Note:Allfloorcoverings,whitegoodsandlightfittingsareincludedinthesale.Furnitureisnegotiable.','EPCrating:C.','Rooms','Hallway-Darkwoodenfrontdoor,whitepaintedwallsskirtingandceiling,pendantlightfitting,lightwoodenflooring,whitemainsradiator.Smokealarm,loftaccessandamirror.Storageunitwithwoodendoor(containsmetersand3clotheshooks).Entrybuzzerphone.','Bedroom1-Darkwoodenfrontdoor,whitepaintedwallsskirtingandceiling,pendantlightfitting,lightwoodenflooring,whitemainsradiator.Singlewindowwithwhiteframeandrollerblind,viewofWallfieldCrescent.Built-instoragewithlightwoodenslidingdoor,containsshelfandrail.Cupboardabovewithlightwoodendoors.(0.5mx1.5m.)','Bedroom2-Darkwoodenfrontdoor,whitepaintedwallsskirtingandceiling,pendantlightfitting,lightwoodenflooring,whitemainsradiator.Singlewindowwithwhiteframeandrollerblind,viewoftheRearGarden.2storagecupboards,onecontainsboilershelfandrail(0.5mx0.7m)andsecondcontainsashelf(0.4mx0.5m)','Lounge-Darkwoodenfrontdoor,whitepaintedwallsskirtingandceiling,pendantlightfitting,lightwoodenflooring,whitemainsradiator.Whitepaintedovercorniceanddadorailonwalls.2uplightsonwallbehindfireplace.Fireplacehasmarbleeffectsurroundandgreypaintedmantelpiece.Largedoublewindowallowingplentynaturallight,haswhiteframeandgreycurtainsonpole.','Kitchen-Darkwoodenfrontdoor,whitepaintedwallsskirtingandceiling,pendantlightfitting,lightwoodenflooring,whitemainsradiator.Whitekitchenunitstopandbottomwithgreyworktop.Ceilingfanandheatingcontrols.HotpointWashingmachine,Indesithobovenandextractorfan.Leofridge.','ShowerRoom-Darkwoodenfrontdoor,whitepaintedwallsandceiling,Darkwoodenskirting,3xspotlights,darkgreytiledflooring,whitemainsradiator.Whitesinkandpedestal,whiteWC,silvertoiletrollholder,towelringandtowelrail.Mirroredmedicinecabinet,ceilingfan.Mainpowershowerwithwhitetilessurrounding,greyshowercurtainonpole.','RearGarden-Slopingdownwards,mainlygrass.Shedstorighthandside.Stepsupinfrontofshedontograsssection.','AdditionalStorage-Loftaccessfromentrancehallway,spaceforstorageavailable.Storagecupboardinmainstairwell,sharedwithneighbouronlanding,haselectricsocket.']"
AB10,8541072,2 bedroom flat for sale,"Riverside Drive, Ruthrieston, Aberdeen, AB10 7QF","£140,000 ",Northwood - Aberdeen,"207 - 211 Rosemount Place, Aberdeen, AB25 2XS", 01224 088852,"['Tenure: Freehold', 'Modern Development', 'Riverside Location', 'Two Bedrooms', 'Modern Kitchen', 'Spacious Lounge', 'Shower over the Bath', 'Gas Central Heating', 'UPVC Double Glazing', 'Private Parking']","['','Thepropertyisonthetopfloorandcomprises:entrancehallway;twodoublesizedbedrooms;luxurybathroomwithshowerandbath;spaciousloungeandmodernfittedkitchenwithdiningspace.','Thepropertyalsocomeswithitsowndedicatedprivateparkingspace.','SituatedbetweenRiversideDriveandHolburnStreetthispropertyoffersagreatlocationforbuyersinthisvibrantcity.Withbeautifularchitectureandpackedwithhistory,thisisanidealplacetolive.Thepropertyofferseasyaccesstothecityandisinabeautifulriversidelocation,justaminutefromtheawardwinningDuthiePark.','Viewings-Byappointmentonly,pleasecontactNorthwoodtoarrangeaviewing.','EPCrating:C.','Rooms','Hallway-Chromeeffectlightfitting,laminatedwoodflooring.Singlecupboardcontainingboiler.Doubledoorstoragecupboard.','Bathroom-Modernbathroomconsistingoflargebathwithshowerareaandenclosure,whiteWCandpedestalwashhandbasin.Silverwallmountedradiator.BlackTiledFlooring.BlackandCreamtiledwallsanddoubleglazedwindow.','Bedroom-Striplighting,woodeneffectlaminateflooring,largemirroredslidingdoorwardrobe,doubleglazedwindow.','BedroomTwo-Chromeeffectstriplighting,woodeneffectlaminateflooring,mirroredwardrobewithslidingdoor,doubleglazedwindow.','Lounge-Chromelightfitting,woodenlaminateflooring,doubleglazedwindow,singleslidingdoorleadingtokitchen.','Kitchen-Singleslidingdoorforentry,diningareatoleft,radiatorunderdoubleglazedwindow.Lightwoodeneffectkitchenunitstobackandrightwalls.Lightmarbleeffectworktop.Woodeneffectlaminateflooring.Dishwasher,washingmachine,hobwithgrillandfanovenandundercounterfridge/freezer.']"
AB10,9023306,4 bedroom detached house for sale,"Townhead Lodge, Ardoe, Aberdeen, AB12","£690,000 ",Savills - Aberdeen,"5 Queen's Terrace, Aberdeen, AB10 1XL", 01224 939800,"['Tenure: Freehold', 'Four bedroom L-shaped converted steading, situated in just under 5 acres.', 'Spacious and contemporary living accommodation throughout.', 'Inviting sitting room with striking granite fireplace and open views.', 'Superb south and west facing views over delightful countryside.', 'Extensive garden grounds with outdoor dining areas.', 'Open field attracting plenty of wildlife and ending at the Burn of Ardoe.', 'Double garage with games room above.', 'Tranquil countryside setting of Ardoe, yet only 6.2 miles to Aberdeen city and easily accessible for the Aberdeen Western Peripheral Route.', 'EPC Rating = D']","['Imposingfourbedroomconvertedsteading,situatedwithinextensivegroundsofjustunderfiveacresandenjoyingfarreachingsouthandwestfacingviewsoverlocalcountryside.','Location','TownheadLodgeissituatedwithinthetranquilcountrysideofArdoe,amidstrollingfieldsandwoods,yetextremelyaccessibletoAberdeencitycentre,GarthdeeRetailParkandtheindustrialestatesatTullosandAltens.PrimaryeducationisavailableatBanchory-Devenick,withsecondaryeducationatPortlethenAcademy.ThepropertyisconvenientlysituatedforaccesstotheAberdeenWesternPeripheralRoute,whichhasgreatlyimprovedtravelbothnorthandsouthofthecity,witheasieraccesstotheairportandindustrialhubsatDyceandWesthill.Forleisureandrecreation,thereareamyriadofpursuitsavailablelocally,including,golf,fishing,walking,cyclingandhorseriding.TheArdoeHouseHotel&SpaandthePaulLawrieGolfCentrewithanineholegolfcourseanddrivingrangearebothwithclosedistancetoTownheadLodge.',""WithinAberdeentheinternationalairportoffersregularflightstoLondonandotherUKandEuropeancities.ThereareregulartrainservicesfromAberdeen,includingasleepertoKing'sCross,London.Aberdeenprovidesalltheservicesofamajorcity,includingbusiness,leisureandhealthfacilities,theatresandcinemas,restaurantsandawiderangeofshopping.ThereisprivateschoolingincludingRobertGordon'sSchool,StMargaret's,andAlbynSchoolaswellastheInternationalSchoolatPitfodels.Therearetwouniversitiesandtwocollegesoffurthereducation"",'Aberdeen\xa0\xa06.2miles','Altens\xa0\xa05.6miles','AberdeenInternationalAirport12miles','*Pleasenotethatalldistancesareapproximate','Description','Forthosesearchingfortheperfectunionbetweencountrytranquillityandproximitytoamenities,TownheadLodgeistheperfecthome,beingonlysixmilesfromAberdeenyetnestledwithinbeautifulandrollingcountryside.Situatedwithinextensivegroundsofjustunderfiveacres,withalargedrivewayanddoublegarage,thepropertyoffersspaciousandcontemporarylivingaccommodationoftastefuldecoration,suretoappealtothosesearchingforaquieterpaceoflifewiththefamily.','ACCOMMODATION','Asetofcontemporarystyledoorsleadsintothespaciousentrancevestibule,whichisfittedwithtiledflooring.Beyondliesthewelcomingreceptionhall,whichisofneutraldecortocomplementthestrikingtartancarpeting.Thewellproportionedbootroomprovidesampleshelfandhangingspace,whilethereisalsoanunderstaircupboard.Thelargewindowwithstainedglasstrimabovethestaircaseallowsforlotsofnaturallighttoflowintothehallbelow.','Asetof15paneGeorgianstyledoorsleadintothefantasticsittingroomwhichliesonagentlesplitlevelstair.Agenerouslyproportionedroom,theoutstandinggranitefireplaceisastrikingfeature.Withinthesittingroomlargedeepsilledwindowsallowfornaturallight,whilelglazeddoorsallowforaccesstothepavedterraceoverlookingthegarden.','Fromthesittingroomthereiseaseofaccesstothediningroom,idealforformaldiningandentertainmentgiventhespaciousdimensionsandproximitytothekitchen.Enjoyingdualaspectviewsacrossthepropertyviadeepsilledwindows,afittedcupboardhousesthehotwatercylinder.','ThediningkitchenenjoysfarreachingviewsacrossthegroundstowardstheBurnofArdoeandbeyondviaagenerouslysizedbaywindowcurrentlyusedforinformalseating.Thekitchenincludesanattractiverangeofbaseandwallunits,whichincludeglassdisplaycabinetsandopenshelving.Extensiveworksurfaceswithaquacolouredsplashbacksincorporateaceramic1.5sinkwithdrainer.Withinthekitchenthereisalsoanintegrateddishwasher,fridgeandcookingrangewithinductionhob.','Thestoragefacilitieswithinthekitchenarecomplementedwithintheutilityroom,whereafurthersubstantialrangeoffittedstorageavailable.Plumbedforwhiteappliances,theworksurfaceareaincorporatesastainlesssteelcircularsink,whilea15paneGeorgianstyledoorleadsintotherearporch,beyondwhichliesanextensivelypavedterrace.','Completingthegroundflooraccommodationisdoublebedroomfour,whichissituatedwithincloseproximitytothecontemporarystyleshowerroom.','Ascendingthestaircasetothefirstfloor,thelandingisofexcellentdimensionsandcurrentlyutilisedasaspaciousinformalseatingarea.','Thespaciousprincipalbedroomisoftastefuldecorationandenjoysthebenefitofdualaspectviewsoverthegrounds.Theprincipalbedroomalsoboastsawellappointeddressingroom,whichfeaturesarangeofshelfandhangingspace,whilebeingfloodedwithnaturallightfromtwinskylights.','Theelegantfamilybathroomisfullytiledwithunderfloorheating.Withinthebathroomtherearelargemirroredpanels,twinwashhandbasinssetwithinadeepsilledvanityunit,WC,walkinshowerenclosureandanoutstandingraisedbathwhichenjoysfantasticcountrysideviews.','Doublebedroomstwoandthreearebothwellproportionedandinvitingroomswiththebenefitofsplendidwalkinwardrobes.Bothbedroomsarewellservedbyacontemporaryshowerroom,whichisfullytiledaroundthesuite.','OUTSIDE',""Setwithingroundsofjustunderfiveacres,TownheadLodgeissituatedwithinanattractivecountrysidelocationwithsuperbsouthandwestfacingviewswhichalsotakeinthewellknownchurchspireatBlair'sCollege&Museum."",'Theimmediategardengroundsaremostlylaidtolawn,withampleopportunityforalfrescodiningonthecountrysidefacingterraces,aswellastheextensivelypavedandshelteredterracebehindtheproperty,whichisalsowherethecoalbunkerislocated.Parkingfacilitiesareinplentifulsupplyonthetarmacdrivewaywithaccesstothedoublegarage.Featuringaremotecontrolleddoorandintegralstoreroom,thereisalsoaninternalstaircasetothefirstfloorgamesroom.TothefrontofthepropertyanopenfieldofaboutfouracresiscappedbyawoodedareaandtheBurnofArdoe.','SquareFootage:3197sqft','Directions','FromAberdeen,attheBridgeofDeeroundabout,followtheB9077SouthDeesideRoadtowardsBanchory.Atthesignpostfor""BanchoryDevenick1½miles"",turnleftupthehillandthenturnright.Followthisroadupthehillforsomedistance,andtheentrancetoTownheadLodgewillbeontherighthandside.Pleaseusethedrivewaytotheleft.']"
AB10,8897155,2 bedroom flat for sale,"Dee Village, Millburn Street, Ferryhill, Aberdeen, AB11 6SY","£169,000 ",Northwood - Aberdeen,"207 - 211 Rosemount Place, Aberdeen, AB25 2XS", 01224 088852,"['Tenure: Freehold', 'City Centre Location', 'Private Parking', 'On-Site Gym', 'Factored Development', 'Spacious living accommodation', 'Two double bedrooms', 'Gas Central Heating']","['','Northwoodisdelightedtoofferforsalethisbrightandmoderncentrallylocatedtwodoublebedroomspaciousapartment,withinwalkingdistanceofUnionSquare,theCityCentreandofficeaccommodationonRiversideDriveandintheCityCentre.','Thisbrightandmoderngroundfloorapartmentcomprisesof;hallwaywithacupboardcontainingtheboiler,bathroomwithmainspoweredshoweroverbath,well-proportionedkitchenwithseatingarea,spaciousloungewithdiningareaandtwodoublebedroomswithfittedstorage.Thepropertyalsobenefitsfromasecureentrysystem,gascentralheatinganddoubleglazedwindowsthroughout.','ThepropertyismaintainedunderafactoringagreementwithAthollsLtd.Thisincludesuseoftheprivateon-sitegym,cleaning,buildinginsuranceandthegroundsmaintenance.Thereisalsoprivateundergroundcarparking.Thepropertywillbenefitfromremedialrepointingwhichiscurrentlyunderwayinthedevelopment.Remedialworkshavealsobeencarriedoutinthecarpark.Theownerssharehasbeensettledinfullsotherearenooutstandingcommitments.Furtherinformationcanbeprovidedonrequest.','ThispopularresidentialdevelopmentislocatedwithinclosewalkingdistanceofAberdeenCityCentreandUnionSquare,providingeasyaccesstoshops,restaurantsandallotherattractions.Thiswouldbeanidealhomeforafirsttimebuyer,professionalcoupleorbuy-to-letinvestor.Viewingisrecommendedtofullyappreciatethespaciousaccommodationthispropertyoffers.','Note:Whitegoods,windowcoverings,lightfittingsandflooringwillbeincludedinthesale.','EPCrating:C.','Rooms','Hallway-Accessedbyawoodenfrontdoorwithsecureentrysystem,neutralwallcoverings,woodeneffectflooring,entryphone,whiteradiator,twopendantlightfittings.Accesstoastoragecupboardwhichcontainstheboiler:1.0mx1.8m,pendantlightfitting,goldhooksonwall,neutralwallcoveringsandcarpeted.','Kitchen-Neutralwallswithsilversplashbackbehindthehobandfrostedglasssplashbackbehindthesink.Linoleumflooring,lightwoodenkitchenunitstopandbottomwithspotlightsunderprovidingadditionalmodernlightingtotheroom.Integratedfridgefreezerandwashingmachine.','Bathroom-Brightandmodernbathroomfittedwithathreepiecesuite,W/C,fittedsinkwithstoragecupboardsunder,mainspoweredshoweroverbath,spotlightsonceiling.Linoleumflooringandasilvertowelradiator..','Lounge/DiningArea-Blueandwhitepaintedwallcoverings,creamcolouredcarpetfittings,largedoublewindowprovidinglotsofnaturallight,twopendantlightfittings,smokedetector,twowhiteradiators,fireplaceonthewall,andplentyspaceforadiningtableandchairs.','Bedroom1-Neutralwallcoverings,browncarpet,window,pendantlightfitting,singlewindow,whiteradiator,Mirroredslidingdoorstostoragecupboard:0.5mx1.4m','Bedroom2-Neutralwallcoverings,browncarpet,singlewindow,whiteradiator,Mirroredslidingdoorstostoragecupboard:0.5mx1.4m','ExternalAreas-Gardenareatotherearoftheproperty,onsitegymandprivateundergroundparking.']"
AB10,8190155,2 bedroom apartment for sale,"Plot 60, Royal Cornhill at Westburn Gardens, Cornhill, 1 Berryden Park, Aberdeen AB25","£187,995 ","Barratt Homes - Westburn Gardens, Cornhill","1 Berryden Park, Aberdeen, AB25 3RT", 020 8022 3593,"['Free flooring', 'No LBTT to pay!', 'Firt Home Fund available for first time buyers', 'Second floor', 'Open-plan living', 'Integrated fridge freezer', '2 double bedrooms', 'Large main bedroom with built in wardrobes', 'Utility space with integrated washer/dryer', 'Secure UPVC locking windows']","['Getmovingwithfreeflooringand£859LBTTpaid.Bookanappointmentwithustofindoutmore.','This2bedroomsecondfloorapartmentisidealforcityliving.Youwillfindanopen-plankitchen/dining/familyroom,2doublebedroomsandahandyutilityspace.','DoyouworkfortheNHS?Clickheretofindouthowyoucouldmakethemovewith£9,000towardsyourdepositwithournewscheme.Termsandconditionsapply.']"
AB10,8929875,3 bedroom terraced house for sale,"Faulds Wynd, Kincorth, Aberdeen, AB12 5NR","£160,000 ",Northwood - Aberdeen,"207 - 211 Rosemount Place, Aberdeen, AB25 2XS", 01224 088852,"['Tenure: Freehold', 'Three Bedroom Terraced House', 'Conservatory', 'Private Garden', 'Gas Central Heating', 'Open Plan Kitchen & Dining Area', 'Driveway']","['','NorthwoodisdelightedtoofferforsalethisspaciousthreebedroomterracedhomeintheKincorthareaofAberdeen.','Locatedinaquietcul-de-sac,thisaccommodationissetoverthreefloorsandcomprises:Entrancehallway,openplanlounge,diningareaandbrightandmodernkitchen,conservatorywithashowerroom,familybathroomandthreebedroomsallwithanabundanceofbuilt-instorage.Themasterbedroomoccupiesthetopfloorofthepropertyandhasviewsacrossthecity.Thepropertyhasbeenrecentlyrefreshedandmakesanidealhomeforfirsttimebuyers,couples,familiesorbuytoletinvestors.\xa0','Thepropertyalsobenefitsfromadrivewaywithspaceforonelargevehicle,privateenclosedreargardenwithshed,gascentralheatinganddoubleglazing.',""Kincorthisawell-establishedresidentialareawithplentyoflocalamenities;communitycentre,doctor'ssurgery,swimmingpool,pharmacyandgrocerystores.TherearealsotwoprimaryschoolswithinwalkingdistanceaswellasaccesstothenewpurposebuiltLochsideAcademy.ThepropertyisideallylocatedfortravellingtobothAltensandTullosIndustrialEstates.ItslocationalsoprovideseasyaccessnorthandsouthofthecityviatheA90andtheAberdeenWesternPeripheralRoute(AWPR).ThereisalsoregulartransporttoandfromthecitycentreandeasyaccesstotheDuthieParkandwalksalongtheRiverDee."",'Note:Allwindowcoverings,whitegoodsandfloorcoveringsformpartofthesale.\xa0','EPCrating:D.','Rooms','Hallway-Darkwoodenfrontdoorwithgoldfittings,neutralwallcoverings,woodeneffectflooring,coathooksonwall,smallcupboardcontainingmeters,darkwoodendoortolounge.Threespotlightsontrackandsmokealarmonceiling.Stairsto1stfloor,whitebanister,browncarpeted.','Lounge-Lightgreyandwhitewallcoverings,whiteskirtingboardsandceiling,woodeneffectflooring,fireplaceonwall,smokealarmonceiling,twoalcovefeatures.Pendantlightfitting.Whiteradiatorwithgreycover.Fittingsfortvtoattachtowall.Largewindowwithcurtainpoleandblinds.','DiningArea-Slopedroofunderstairs,brickeffectwallpaper,whiteceiling,laminateflooring.Spotlight.WhiteSkirtingboards.','Kitchen-Brightandmodernkitchenwithlightwoodeneffectcupboardstopandbottom,silverfittings.Silverextractorfan,hobandoveninstalled.Greyworktops,whitewallcoverings,integratedfridge/freezeranddishwasher.SingleWindowoverlookinggarden,greyblindfitted.Whiteceilingswithspotlightsandheatdetector.Storagecupboardcontainingboiler:0.4mx0.6m.','InnerHalltoConservatory-Darkwoodendoorandframe,threegreycarpetedstepsdown,woodenwallsandceiling.','ShowerRoom-Darkwoodendoorandframe,woodenceiling,onesinglewindowwithdarkframeandfrostedglass,Creamwoodenwallswithturquoisetiles.WhiteW/c,sinkwithpedestal,twosilvertowelhoopsandsilvertoiletrollholder,laminateflooring,showerunitwithmainspoweredshower,glassdoor,onestepupintoshowerunit(carpeted).Onelargespotlightonceilingandwhiteradiator.','Conservatory-Woodenwalls,onelargeslidingdoortoaccessgarden,twolargeandtwosmallerwindowsallwithdarkwoodenframes.laminateflooring,whiteradiator.','Bathroom-Darkwoodendoor,neutralwallcoverings,creamandbrowntilesaroundlowerhalfofwallsandaroundbath,whiteceilingwithfivespotlights,browntiledflooring,frostedglasswindowandwhiteframe,whiteW/c,whitesinkandpedestal,mainspoweredshoweroverbathwithfoldingshowerdoor,twomirroredmedicinecabinetsonwall,silvertowelhoop,silvertoiletrollholder.Plumbingforradiatorbutradiatornotpresent.','Bedroom1-Darkwoodendoor,Lightwoodeneffectflooring,neutralwallcoverings,twobuilt-incupboardswiththreeshelveseach.Whiteradiator,doublewindowwithwhiteframeandcurtainpole.Threespotlightsontrackonceiling.','Bedroom2-Darkwoodendoor,Neutralwallcoverings,lightbrowncarpet,singlewindowwithwhiteframe,curtainpole,whiteradiator,fourspotlightsontrackonwhiteceiling,threemirroredslidingdoorwardrobes;twowithtworailsandonewiththreeshelves,oneopencupboardareawithfourshelves.Wardrobes:0.5mx0.7meach.','FirstFloorHallway-Stairsfromfirsttosecondfloor,browncarpeted,whitewallsandbanister,twospotlightsonceiling..','MainBedroom-Darkwoodendoor,neutralwallcoverings,lightbrowncarpet,oneskylightwindowwithfittedblinds-viewontothestreet,threelargerwindowswithdarkframes,lovelyviewoverthecityandtotheNorthSea,curtainpole,whiteceiling,globelight,whiteradiator,Eavesstoragewithwhitecupboarddoors:3.5mby0.4m.Largecupboardwithmirroredslidingdoorswithfittedclothesrail:3.3mx0.4m.Eavesstoragewithdarkbrownwoodendoor,shelvesfitted:0.9mx0.9m.','Outside-Front;greybrickwallstoeitherside,brickeddrivewaywithspaceforonelargecar,gasmeter,stepuptofrontdoor.Reargarden;slabbedarea,grass,fewtreestobottomofgarden,fencedallaround.Brownwoodenshedwithslabbedareaunder.']"
AB10,8541074,2 bedroom flat for sale,"Eden Place, Rosemount, Aberdeen, AB25 2YF","£105,000 ",Northwood - Aberdeen,"207 - 211 Rosemount Place, Aberdeen, AB25 2XS", 01224 088852,"['Tenure: Freehold', 'Two Bedroomed Apartment', 'Spacious Lounge', 'Spacious Kitchen/Diner', 'Street Parking', 'Central Location', 'Gas Central Heating']","['',""NorthwoodarepleasedtoofferForSale\xa0thisspacioustwobedroomapartmentinRosemount.\xa0RosemountisavibrantareaofAberdeen,renownedforitsarrayoflocalshopsandeateries.\xa0Withinwalkingdistanceofthecitycentre,thepropertyisideallylocatedforaccesstoAberdeen'smainshoppingmalls,restaurants,nightclubsandcinemas."",'Thisfirstfloorpropertycomprises:entrancehallway,spaciousloungewithstoragespace,twobedroom,bathroomwithelectricshoweroverthebath,andkitchenwithdiningroom.Oneofthebedroomsbenefitsfrombuiltoverbedstoragecupboards.','Thereisalsoonstreetpermitparkingavailabletothefrontoftheproperty.','Duetothepopularandcentrallocation,thepropertywouldmakeanidealhomeforafirsttimebuyerorabuytoletinvestmentopportunity.','Viewings-Byappointmentonly,pleasecontactNorthwoodtoarrangeaviewing.','EPCrating:C.','Rooms','EntranceHallway-Doorfromcommunalhallwaytoentrancehall,wallmountedsecturephoneentry,lightfitting,highlevelcupboardhousingelectricmeter,highlevelgasmeter.','Lounge-Featurefireplacewithgasfiremountedonhearthwithsurroundandmantel,alcovetoeithersidewithbuiltinstoragebelow.Cornice,woodeffectlaminateflooring,lightfitting,wooddoubleglazedwindowoverlookingstreettofront.Whitepanelledradiator,tvpoint,switchesandsockets','BedroomTwo-Doorfromloungetobedroom2,wooddoubleglazedwindowoverlookingstreettofront,whitepanelledradiator,lightfitting,switchesandsockets.','Kitchen-Halfglazeddoortokitchen;1andhalfbowlinsetsinkunitwithcupboardsbelow,rangeoffittedwoodwallandbaselevelunitswithmarbleeffectworktop.Builtinelectricoven&4ringelectricHotpointhob,spaceforfridgefreezerandspaceandplumbingforwashingmachine.Ceilinghungclothesairer,switchesandsockets.','BedroomOne-Withbuiltinstorageoverbed,withrecessfordoublebed,builtindesk.Wooddoubleglazedwindowoverlookingrear,withbuiltincupboardbelow.Lightfitting,switchesandsockets.','Bathroom-Halfglazedstainedglassdoor,whitesuitecomprisingoftilepanelledbath,pedestalwashandbasinandWC,fullytiledwalls,vinylflooring,wooddoubleglazedwindow.']"
AB10,9030110,3 bedroom flat for sale,"Walker Road, Aberdeen, Aberdeenshire","£112,500 ",AB+S Estate Agents - Elgin,"24 Batchen Street, Elgin, Moray, IV30 1BH", 01343 337920,"['3 Bedroom first floor flat', 'Ideal buy to let', 'Also suitable for family - 3 dbles', 'Torry location opposite school', 'Walkable to the City Centre', 'Security Entry system', 'Hall, Lounge/Dining Room', 'Fitted Kitchen & Bathroom', 'Shared Garden with shed', 'Landing cupboard too']","['Perfectopportunityforthediscerningbuyerwhoislookingforabuytoletstudentflat-asitisbeingsoldasiswithallthecontents.','Otherwiseitcouldsuitafamilylookingforspaciousaccommodationnearschoolandamenities.','66Coffersexcellentvalueformoneywith3gooddoublebedrooms,2ofwhichhavegreatstorage.Inaddition,thereisawellfittedkitchen,generousloungeandfamilybathroom.','ThepropertyextendsoverthewholeofthefirstfloorpositionwithanoutlooktothefrontofoverWalkerRoadSchoolwithWalkerRoadbeingoneoftheattractivetreelinedstreets.','Entrance','-Sharedsecureentranceandstairstofirstfloor.Sizeablestorecupboardonlanding.','Hallway','-5x1and2.2x1.35(16\'5""x3\'3""and7\'3""x4\'5"")-Lshapedhallway.2lightfittings,radiatorandlaminatewoodflooring.','Lounge','-4.9mmaxx3.4max(16\'1""mmaxx11\'2""max)-4.9mdownto3.85mand3.4mdownto2.2m','Loungewithdiningarea.Fireplacewithgasfire.2displayalcoves.Fittedcupboard.Largefrontfacingwindowbringsinplentynaturallightandenjoysanoutlookovertheschool.2lightfittings,radiatorandcarpet.','Kitchen','-4x2.2(13\'1""x7\'3"")-FittedKitchenwithfullrangeofunits.Combiboiler.Fridge/freezer,washingmachine,gascookerwithhob.Sinkwithdrainerbelowwindow.Clothespulley.Roomforsmalltableandchairs.','Bedroom1','-3.6maxx3.5max(11\'10""maxx11\'6""max)-Doublebedroomwithfrontfacingwindow.Lightandcarpet.Radiator.Fittedstorage,plus:-','WalkInWardrobe','-2mx1.5m(6\'7""mx4\'11""m)-Excellentextratotheflatofferingsuperbstorage.','ViewFromBedroom2','-','Bedroom2','-4mx3.7m(13\'1""mx12\'2""m)-Largestroom,superdoublebedroomwithgreatstorage.Viewoverthegarden.Newlyfittedcarpet.','Bedroom3','-3.7mx2.6m(12\'2""mx8\'6""m)-Doublebedroomwithfrontfacingwindow.Woodenflooring.','Bathroom','-2.9mx1.5m(9\'6""mx4\'11""m)-3piecebathroomsuite.Mainsshoweroverbathwithscreen.Frontfacingwindow.Vinylflooring.Radiator.','Garden','-Generoussharedgardenlaidtograsswithmatureshrubs.Alsorangeofsheds,oneofwhichisexclusivetotheflat.Alsopatioareadjacenttotherearoftheproperty.','FixturesAndFittings','-Theflatisbeingsoldasseenwithallthecontents.','HomeReport','-HomeReportvaluationasat31July,2020is£110,000.','Services','-Mainswateranddrainage.Gascentralheating.Electriconameter.','TorryisawellestablishedareaofAberdeen.Oneofthegreatfeaturesoftheflatisthatitisonlyafewminuteswalktothebridgewhichleadsoverintothecitycentre,makingitaveryconvenientsituation.','Viewing','-Contactab+sestateagentson[useContactAgentButton]',""Youmaydownload,storeandusethematerialforyourownpersonaluseandresearch.Youmaynotrepublish,retransmit,redistributeorotherwisemakethematerialavailabletoanypartyormakethesameavailableonanywebsite,onlineserviceorbulletinboardofyourownorofanyotherpartyormakethesameavailableinhardcopyorinanyothermediawithoutthewebsiteowner'sexpresspriorwrittenconsent.Thewebsiteowner'scopyrightmustremainonallreproductionsofmaterialtakenfromthiswebsite."",'']"
AB10,8190150,2 bedroom apartment for sale,"Plot 56, Royal Cornhill at Westburn Gardens, Cornhill, 1 Berryden Park, Aberdeen AB25","£225,995 ","Barratt Homes - Westburn Gardens, Cornhill","1 Berryden Park, Aberdeen, AB25 3RT", 020 8022 3593,"['No LBTT to pay!', 'Free flooring', 'First Home Fund available for first time buyers', 'First floor', 'Open-plan living', 'Integrated fridge freezer', '2 double bedrooms', 'Main bedroom with en suite & built in wardrobes', 'Utility space with integrated washer/dryer', 'Secure UPVC locking windows']","['RESERVETODAYWITHFREEFLOORINGANDNOLBTTTOPAY!BOOKANAPPOINTMENTTOFINDOUTMORE.','Thisspacious2bedroomfirstfloorapartmentintheheartofAberdeenoffersalargeopen-planliving/kitchen/diningroom,amasterbedroomwithensuiteshowerroom,afurtherdoublebedroomandahandyutilityspace.','DoyouworkfortheNHSorArmedForces?Clickonthelinkstofindouthowyoucouldmakethemovewith£9,300towardsyourdepositwithournewschemes.Termsandconditionsapply.']"
AB10,8890662,4 bedroom detached house for sale,"Plot 36, The Maple at The Grange, Hazledene Drive, Aberdeen AB15","£457,500 ",Dandara - The Grange,"Hazledene Drive, Aberdeen, AB15 8AU", 01224 088278,"['Airyhall Primary - 0.5 miles', 'Hazlehead Primary - 1.8 miles', 'Albyn School - 1.9 miles', 'St Margaret’s - 1.9 miles', 'Hazlehead Academy - 2.0 miles', 'Cults Primary School - 2.0 miles']","['OverviewofTheMaple','4bedroomdetachedhomewithintegralgaragenowavailableatTheGrange,Aberdeen.','HouseFeatures','*Germankitchenwithintegralappliances','*Loungewithdoubledoorstolargeopenplankitchen-diningroom','*Contemporarybathroomwithheatedtowelrailandbuilt-instorage','*Mainbedroomwithen-suiteandfittedwardrobes','*Integralsinglegarageandutilityroom','*NHBC10yearwarranty','HouseDescription','TheMapleisasuperb4bedroomdetachedfamilyhomewithlargewindowsandglazeddoorstofillthepropertywithnaturallight.','Thishomeoffersaveryspaciousleveloffamilyaccommodationandincludesanintegralgarage.Thelivingroomhasdoubledoorsleadingthroughtotheopen-plankitchen-diningroom,fromwhichFrenchdoorsofferaccesstothereargarden.Thereisalsoaseparateutilityroom.','Thespaciousmainbedroomincludesitsownen-suiteshowerroom,therearetwofurtherdoublebedrooms,asinglebedroom,familybathroomandairingcupboard.','Watchthevideo','Contactustoarrangeaviewing','£457,500']"
AB10,9064799,3 bedroom semi-detached house for sale,"Plot 83, Craigend at Countesswells, Countesswells Park Road, Countesswells, ABERDEEN AB15","£284,995 ",Barratt Homes - Countesswells,"Countesswells Park Road, Countesswells, ABERDEEN, AB15 8FH", 020 8022 3805,"['Free flooring', 'Part Exchange available', 'If no Part Exchange, £1,749 LBTT paid', 'Semi-detached', 'Main bedroom with en suite', 'Open-plan kitchen/dining room with family area', '2 x parking spaces']","[""ReadytomoveintowithPartExchangeandfreeflooring.Don'thaveahometosell?We'llpayyourLBTT.Bookanappointmenttofindoutmore."",'Thispopular3bedroomhomeoffersplentyofspaceforagrowingfamily.Downstairs,youwillfindagood-sizedloungeandanabundanceofstoragespace.Thesociablekitchenisidealforrelaxingandentertainingwithplentyofspaceforadiningtableandfamilyarea.Upstairs,youwillfindaspaciousmainbedroomwithensuite,twofurtherdoublebedroomsandafamilybathroom.','DoyouworkfortheNHSorArmedForces?Clickonthelinkstofindouthowyoucouldmakethemovewithournew5%depositcontributionschemes.Termsandconditionsapply.']"
